20/12/2021,
21/12/2021,
22/12/2021,
23/12/2021,
24/12/2021,
25/12/2021,
26/12/2021,
27/12/2021,
28/12/2021,
29/12/2021,
30/12/2021,
31/12/2021,
1/01/2022,
2/01/2022,
3/01/2022,
4/01/2022,
6/02/2022,
7/02/2022,
15/04/2022,
18/04/2022,
25/04/2022,
6/06/2022,
24/06/2022,
26/09/2022,
24/10/2022,
20/12/2022,
21/12/2022,
22/12/2022,
23/12/2022,
24/12/2022,
25/12/2022,
26/12/2022,
27/12/2022,
28/12/2022,
29/12/2022,
30/12/2022,
31/12/2022,
1/01/2023,
2/01/2023,
3/01/2023,
4/01/2023,
5/01/2023,
6/01/2023,
7/01/2023,
8/01/2023,
9/01/2023,
10/01/2023,
6/02/2023,
7/04/2023,
10/04/2023,
25/04/2023,
5/06/2023,
14/07/2023,
23/10/2023,
20/12/2023,
21/12/2023,
22/12/2023,
23/12/2023,
24/12/2023,
25/12/2023,
26/12/2023,
27/12/2023,
28/12/2023,
29/12/2023,
30/12/2023,
31/12/2023,
1/01/2024,
2/01/2024,
3/01/2024,
4/01/2024,
5/01/2024,
6/01/2024,
7/01/2024,
8/01/2024,
9/01/2024,
10/01/2024,
6/02/2024,
29/03/2024,
1/04/2024,
25/04/2024,
3/06/2024,
28/06/2024,
28/10/2024,
20/12/2024,
21/12/2024,
22/12/2024,
23/12/2024,
24/12/2024,
25/12/2024,
26/12/2024,
27/12/2024,
28/12/2024,
29/12/2024,
30/12/2024,
31/12/2024,
1/01/2025,
2/01/2025,
3/01/2025,
4/01/2025,
5/01/2025,
6/01/2025,
7/01/2025,
8/01/2025,
9/01/2025,
10/01/2025,
6/02/2025,
18/04/2025,
21/04/2025,
25/04/2025,
2/06/2025,
20/06/2025,
27/10/2025,
20/12/2025,
21/12/2025,
22/12/2025,
23/12/2025,
24/12/2025,
25/12/2025,
26/12/2025,
27/12/2025,
28/12/2025,
29/12/2025,
30/12/2025,
31/12/2025,
1/01/2026,
2/01/2026,
3/01/2026,
4/01/2026,
5/01/2026,
6/01/2026,
7/01/2026,
8/01/2026,
9/01/2026,
10/01/2026,
6/02/2026,
3/04/2026,
6/04/2026,
25/04/2026,
27/04/2026,
1/06/2026,
10/07/2026,
26/10/2026,
20/12/2026,
21/12/2026,
22/12/2026,
23/12/2026,
24/12/2026,
25/12/2026,
26/12/2026,
27/12/2026,
28/12/2026,
29/12/2026,
30/12/2026,
31/12/2026,
1/01/2027,
2/01/2027,
3/01/2027,
4/01/2027,
5/01/2027,
6/01/2027,
7/01/2027,
8/01/2027,
9/01/2027,
10/01/2027,
6/02/2027,
8/02/2027,
26/03/2027,
29/03/2027,
25/04/2027,
26/04/2027,
7/06/2027,
25/06/2027,
25/10/2027,
20/12/2027,
21/12/2027,
22/12/2027,
23/12/2027,
24/12/2027,
25/12/2027,
26/12/2027,
27/12/2027,
28/12/2027,
29/12/2027,
30/12/2027,
31/12/2027,
1/01/2028,
2/01/2028,
3/01/2028,
4/01/2028,
5/01/2028,
6/01/2028,
7/01/2028,
8/01/2028,
9/01/2028,
10/01/2028,
6/02/2028,
7/02/2028,
14/04/2028,
17/04/2028,
25/04/2028,
5/06/2028,
14/07/2028,
23/10/2028,
20/12/2028,
21/12/2028,
22/12/2028,
23/12/2028,
24/12/2028,
25/12/2028,
26/12/2028,
27/12/2028,
28/12/2028,
29/12/2028,
30/12/2028,
31/12/2028,
1/01/2029,
2/01/2029,
3/01/2029,
4/01/2029,
5/01/2029,
6/01/2029,
7/01/2029,
8/01/2029,
9/01/2029,
10/01/2029,
6/02/2029,
30/03/2029,
2/04/2029,
25/04/2029,
4/06/2029,
6/07/2029,
22/10/2029,
20/12/2029,
21/12/2029,
22/12/2029,
23/12/2029,
24/12/2029,
25/12/2029,
26/12/2029,
27/12/2029,
28/12/2029,
29/12/2029,
30/12/2029,
31/12/2029,
1/01/2030,
2/01/2030,
3/01/2030,
4/01/2030,
5/01/2030,
6/01/2030,
7/01/2030,
8/01/2030,
9/01/2030,
10/01/2030,
6/02/2030,
19/04/2030,
22/04/2030,
25/04/2030,
3/06/2030,
21/06/2030,
28/10/2030,
20/12/2030,
21/12/2030,
22/12/2030,
23/12/2030,
24/12/2030,
25/12/2030,
26/12/2030,
27/12/2030,
28/12/2030,
29/12/2030,
30/12/2030,
31/12/2030,
1/01/2031,
2/01/2031,
3/01/2031,
4/01/2031,
5/01/2031,
6/01/2031,
7/01/2031,
8/01/2031,
9/01/2031,
10/01/2031,
